<?xml version="1.0" encoding="UTF-8"?>
<!DOCTYPE mapper PUBLIC "-//mybatis.org//DTD Mapper 3.0//EN" "http://mybatis.org/dtd/mybatis-3-mapper.dtd">
<mapper namespace="com.ykx.hospital.dao.LoginMapper">
  <resultMap id="BaseResultMap" type="com.ykx.hospital.entity.Login">
    <id column="id" jdbcType="INTEGER" property="id" />
    <result column="username" jdbcType="VARCHAR" property="username" />
    <result column="password" jdbcType="VARCHAR" property="password" />
    <result column="role" jdbcType="INTEGER" property="role" />
  </resultMap>
  <sql id="Base_Column_List">
    id, username, password,role
  </sql>
  <select id="findAllAdmin" resultType="com.ykx.hospital.entity.Login" parameterType="String">
    select * from login where role=1
    <if test="username!='' and username!=null">
      and username like concat('%',#{username},'%')

    </if>
  </select>
  <select id="findByUsername" resultType="com.ykx.hospital.entity.Login" parameterType="String">
    select * from login where username=#{username}
  </select>
  <select id="selectByPrimaryKey" parameterType="java.lang.Integer" resultMap="BaseResultMap">
    select 
    <include refid="Base_Column_List" />
    from login
    where id = #{id,jdbcType=INTEGER}
  </select>
  <delete id="deleteByPrimaryKey" parameterType="java.lang.Integer">
    delete from login
    where id = #{id,jdbcType=INTEGER}
  </delete>
  <insert id="insert" useGeneratedKeys="true" parameterType="com.ykx.hospital.entity.Login">
    insert into login (id, username, password,role
      )
    values (#{id,jdbcType=INTEGER}, #{username,jdbcType=VARCHAR}, #{password,jdbcType=VARCHAR},0
      )
  </insert>
  <insert id="insertAdmin" parameterType="com.ykx.hospital.entity.Login">
    insert into login (id, username, password,role
    )
    values (#{id,jdbcType=INTEGER}, #{username,jdbcType=VARCHAR}, #{password,jdbcType=VARCHAR},1
           )
  </insert>
  <insert id="insertSelective"  parameterType="com.ykx.hospital.entity.Login">
    <selectKey keyProperty="id" order="AFTER" resultType="java.lang.Integer">
      SELECT LAST_INSERT_ID()
    </selectKey>
    insert into login
    <trim prefix="(" suffix=")" suffixOverrides=",">
      <if test="id != null">
        id,
      </if>
      <if test="username != null">
        username,
      </if>
      <if test="password != null">
        password,
      </if>
      <if test="role != null">
        role,
      </if>
    </trim>
    <trim prefix="values (" suffix=")" suffixOverrides=",">
      <if test="id != null">
        #{id,jdbcType=INTEGER},
      </if>
      <if test="username != null">
        #{username,jdbcType=VARCHAR},
      </if>
      <if test="password != null">
        #{password,jdbcType=VARCHAR},
      </if>
       <if test="role != null">
        #{role,jdbcType=INTEGER},
      </if>
    </trim>
  </insert>
  <update id="updateByPrimaryKeySelective" parameterType="com.ykx.hospital.entity.Login">
    update login
    <set>
      <if test="username != null">
        username = #{username,jdbcType=VARCHAR},
      </if>
      <if test="password != null">
        password = #{password,jdbcType=VARCHAR},
      </if>
    </set>
    where id = #{id,jdbcType=INTEGER}
  </update>
  <update id="updateByPrimaryKey" parameterType="com.ykx.hospital.entity.Login">
    update login
    set username = #{username,jdbcType=VARCHAR},
      password = #{password,jdbcType=VARCHAR}
    where id = #{id,jdbcType=INTEGER}
  </update>
</mapper>