<?xml version="1.0" encoding="UTF-8"?>
<!DOCTYPE mapper PUBLIC "-//mybatis.org//DTD Mapper 3.0//EN" "http://mybatis.org/dtd/mybatis-3-mapper.dtd">
<mapper namespace="com.ykx.hospital.dao.PatientMapper">
  <resultMap id="BaseResultMap" type="com.ykx.hospital.entity.Patient">
    <id column="id" jdbcType="INTEGER" property="id" />
    <result column="name" jdbcType="VARCHAR" property="name" />
    <result column="age" jdbcType="INTEGER" property="age" />
    <result column="sex" jdbcType="INTEGER" property="sex" />
    <result column="address" jdbcType="VARCHAR" property="address" />
    <result column="Hospitalizationid" jdbcType="INTEGER" property="hospitalizationid" />
    <result column="drugsids" jdbcType="VARCHAR" property="drugsids" />
    <result column="appointmentid" jdbcType="INTEGER" property="appointmentid" />
    <result column="loginid" jdbcType="INTEGER" property="loginid" />
  </resultMap>
  <sql id="Base_Column_List">
    id, name, age, sex, address, Hospitalizationid, drugsids, appointmentid, loginid
  </sql>
  <select id="findAll" resultType="com.ykx.hospital.entity.Patient" parameterType="String">
    select p.*,d.name as doctorname from patient p
    left join appointment a on p.appointmentid=a.id
    left join doctor d on d.id=a.doctorid
    where 1=1
    <if test="name !='' and name !=null">
      and p.name like CONCAT('%', #{name}, '%')
    </if>
    <if test="certId !='' and certId !=null">
      and p.certId like CONCAT('%',#{certId},'%')
    </if>
    order by p.id
  </select>
  <select id="findPatientByCertId" resultType="com.ykx.hospital.entity.Patient" parameterType="String">
    select * from patient where certId=#{certId}
  </select>
  <select id="getPatientByName" resultType="com.ykx.hospital.entity.Patient" parameterType="String">
    select * from patient where name like concat('%',#{name},'%')
  </select>
  <select id="findPatientByLoginId" resultType="com.ykx.hospital.entity.Patient" parameterType="Integer">
    select * from patient where loginid=#{loginid}
  </select>
  <select id="selectByPrimaryKey" parameterType="java.lang.Integer" resultType="com.ykx.hospital.entity.Patient">
    select *
    from patient
    where id = #{id,jdbcType=INTEGER}
  </select>
  <delete id="deleteByPrimaryKey" parameterType="java.lang.Integer">
    delete from patient
    where id = #{id,jdbcType=INTEGER}
  </delete>
  <insert id="insert" parameterType="com.ykx.hospital.entity.Patient">
    insert into patient (id, name, age, certId,
      sex, address,isout,loginid
      )
    values (#{id,jdbcType=INTEGER}, #{name,jdbcType=VARCHAR}, #{age,jdbcType=INTEGER}, #{certId},
      #{sex,jdbcType=INTEGER}, #{address,jdbcType=VARCHAR},#{isout},#{loginid}
      )
  </insert>
  <insert id="insertSelective" parameterType="com.ykx.hospital.entity.Patient">
    insert into patient
    <trim prefix="(" suffix=")" suffixOverrides=",">
      <if test="id != null">
        id,
      </if>
      <if test="name != null">
        name,
      </if>
      <if test="age != null">
        age,
      </if>
      <if test="sex != null">
        sex,
      </if>
      <if test="address != null">
        address,
      </if>
      <if test="hospitalizationid != null">
        Hospitalizationid,
      </if>
      <if test="drugsids != null">
        drugsids,
      </if>
      <if test="appointmentid != null">
        appointmentid,
      </if>
      <if test="loginid != null">
        loginid,
      </if>
    </trim>
    <trim prefix="values (" suffix=")" suffixOverrides=",">
      <if test="id != null">
        #{id,jdbcType=INTEGER},
      </if>
      <if test="name != null">
        #{name,jdbcType=VARCHAR},
      </if>
      <if test="age != null">
        #{age,jdbcType=INTEGER},
      </if>
      <if test="sex != null">
        #{sex,jdbcType=INTEGER},
      </if>
      <if test="address != null">
        #{address,jdbcType=VARCHAR},
      </if>
      <if test="hospitalizationid != null">
        #{hospitalizationid,jdbcType=INTEGER},
      </if>
      <if test="drugsids != null">
        #{drugsids,jdbcType=VARCHAR},
      </if>
      <if test="appointmentid != null">
        #{appointmentid,jdbcType=INTEGER},
      </if>
      <if test="loginid != null">
        #{loginid,jdbcType=INTEGER},
      </if>
    </trim>
  </insert>
  <update id="updateByPrimaryKeySelective" parameterType="com.ykx.hospital.entity.Patient">
    update patient
    <set>
      <if test="name != null">
        name = #{name,jdbcType=VARCHAR},
      </if>
      <if test="age != null">
        age = #{age,jdbcType=INTEGER},
      </if>
      <if test="sex != null">
        sex = #{sex,jdbcType=INTEGER},
      </if>
      <if test="address != null">
        address = #{address,jdbcType=VARCHAR},
      </if>
      <if test="hospitalizationid != null">
        Hospitalizationid = #{hospitalizationid,jdbcType=INTEGER},
      </if>
      <if test="drugsids != null">
        drugsids = #{drugsids,jdbcType=VARCHAR},
      </if>
      <if test="appointmentid != null">
        appointmentid = #{appointmentid,jdbcType=INTEGER},
      </if>
      <if test="loginid != null">
        loginid = #{loginid,jdbcType=INTEGER},
      </if>
        <if test="isout != null">
          isout = #{isout,jdbcType=INTEGER},
      </if>
    </set>
    where id = #{id,jdbcType=INTEGER}
  </update>
  <update id="updateByPrimaryKey" parameterType="com.ykx.hospital.entity.Patient">
    update patient
    set name = #{name,jdbcType=VARCHAR},
      age = #{age,jdbcType=INTEGER},
      sex = #{sex,jdbcType=INTEGER},
      address = #{address,jdbcType=VARCHAR},
      loginid = #{loginid,jdbcType=INTEGER}
    where id = #{id,jdbcType=INTEGER}
  </update>
</mapper>